{"Accuracy": [0.9863197424892703, 0.991505722460658, 0.9948140200286123, 0.9855150214592274, 0.9943669527896996, 0.9889127324749643], "Precision": [0.5194174757281553, 0.767515923566879, 0.8441558441558441, 0.5925925925925926, 0.8471337579617835, 0.6790540540540541], "Recall": [0.6645962732919255, 0.9163498098859315, 0.7926829268292683, 0.8110599078341014, 0.7732558139534884, 0.8739130434782608], "F1 Score": [0.5831062670299728, 0.8353552859618718, 0.8176100628930817, 0.6848249027237354, 0.8085106382978724, 0.7642585551330798]}