{"Accuracy": [0.9842632331902719, 0.9917739628040058, 0.9944563662374821, 0.98560443490701, 0.9921316165951359, 0.9888233190271817], "Precision": [0.4663677130044843, 0.7766990291262136, 0.81875, 0.5958904109589042, 0.7413793103448276, 0.6829268292682927], "Recall": [0.6459627329192547, 0.9125475285171103, 0.7987804878048781, 0.8018433179723502, 0.75, 0.8521739130434782], "F1 Score": [0.5416666666666667, 0.8391608391608393, 0.808641975308642, 0.6836935166994106, 0.7456647398843932, 0.7582205029013539]}