{"Accuracy": [0.98560443490701, 0.9924892703862661, 0.9946351931330472, 0.9864091559370529, 0.9947246065808297, 0.9879291845493562], "Precision": [0.5, 0.7953795379537953, 0.8291139240506329, 0.6164874551971327, 0.864516129032258, 0.6632302405498282], "Recall": [0.7267080745341615, 0.9163498098859315, 0.7987804878048781, 0.7926267281105991, 0.7790697674418605, 0.8391304347826087], "F1 Score": [0.5924050632911393, 0.8515901060070671, 0.8136645962732919, 0.6935483870967741, 0.8195718654434252, 0.7408829174664108]}