{"Accuracy": [0.987571530758226, 0.992310443490701, 0.9944563662374821, 0.9861409155937053, 0.9946351931330472, 0.9876609442060086], "Precision": [0.555, 0.7901639344262295, 0.8148148148148148, 0.6148148148148148, 0.8181818181818182, 0.6503267973856209], "Recall": [0.6894409937888198, 0.9163498098859315, 0.8048780487804879, 0.7649769585253456, 0.8372093023255814, 0.8652173913043478], "F1 Score": [0.6149584487534626, 0.8485915492957746, 0.8098159509202455, 0.6817248459958932, 0.8275862068965518, 0.7425373134328359]}